<?xml version="1.0" encoding="UTF-8" standalone="yes"?>
<addon id="repository.KM" name="KM Repo" version="1.0" provider-name="KodiMatija">
	<extension point="xbmc.addon.repository" name="KM Repo">
		<dir>
			<info compressed="false">https://raw.githubusercontent.com/totalrevolution/python-koding/master/zips/addons.xml</info>
			<checksum>https://raw.githubusercontent.com/totalrevolution/python-koding/master/zips/addons.xml.md5</checksum>
			<datadir zip="true">https://raw.githubusercontent.com/totalrevolution/python-koding/master/zips/</datadir>
		</dir>
		<info compressed="false">https://raw.githubusercontent.com/kodimatija/repository.KM/master/zips/addons.xml</info>
		<checksum>https://raw.githubusercontent.com/kodimatija/repository.KM/master/zips/addons.xml.md5</checksum>
		<datadir zip="true">https://raw.githubusercontent.com/kodimatija/repository.KM/master/zips/</datadir>
	</extension>
	<extension point="xbmc.addon.metadata">
		<summary lang="en">KodiMatija repo</summary>
		<description lang="en">Video dodaci i buildovi</description>
		<genre>devtools,livetv,movies,tvshows,wizard</genre>
	</extension>
</addon>